source,target,weight
1.0,2.0,2
1.0,269.0,1
2.0,3.0,1
2.0,103.0,1
2.0,276.0,4
2.0,532.0,1
2.0,567.0,3
3.0,4.0,1
3.0,501.0,1
3.0,742.0,1
4.0,5.0,1
5.0,6.0,1
6.0,7.0,1
7.0,8.0,1
8.0,9.0,1
8.0,449.0,1
9.0,10.0,1
10.0,11.0,1
10.0,769.0,1
11.0,12.0,1
12.0,13.0,1
13.0,14.0,1
13.0,716.0,1
14.0,15.0,1
14.0,745.0,1
15.0,16.0,1
15.0,564.0,1
16.0,17.0,1
16.0,258.0,1
16.0,319.0,1
16.0,371.0,1
16.0,477.0,1
17.0,18.0,1
18.0,19.0,2
19.0,20.0,6
19.0,308.0,1
20.0,21.0,8
20.0,259.0,3
21.0,22.0,10
21.0,65.0,2
21.0,73.0,1
21.0,120.0,1
21.0,292.0,1
21.0,324.0,1
21.0,526.0,9
21.0,536.0,1
22.0,21.0,1
22.0,23.0,14
22.0,73.0,1
22.0,74.0,4
22.0,77.0,2
22.0,120.0,27
22.0,214.0,1
22.0,324.0,3
23.0,22.0,1
23.0,24.0,1
23.0,74.0,3
23.0,75.0,2
23.0,78.0,1
23.0,120.0,2
23.0,216.0,1
23.0,327.0,1
23.0,347.0,1
23.0,348.0,3
23.0,387.0,1
23.0,690.0,1
24.0,25.0,2
24.0,327.0,1
24.0,691.0,1
25.0,26.0,3
25.0,31.0,1
25.0,32.0,1
25.0,121.0,2
26.0,25.0,3
26.0,27.0,1
26.0,123.0,1
26.0,156.0,1
26.0,210.0,2
26.0,296.0,1
26.0,539.0,1
26.0,666.0,1
27.0,26.0,2
27.0,28.0,3
27.0,30.0,1
27.0,123.0,1
27.0,149.0,1
27.0,210.0,2
28.0,27.0,3
28.0,29.0,1
28.0,73.0,4
28.0,77.0,5
29.0,30.0,1
29.0,549.0,1
30.0,28.0,2
30.0,31.0,1
30.0,76.0,1
30.0,212.0,1
30.0,478.0,1
31.0,32.0,4
31.0,33.0,1
31.0,79.0,1
31.0,121.0,1
31.0,156.0,1
31.0,212.0,1
31.0,432.0,1
32.0,33.0,2
32.0,80.0,1
32.0,122.0,1
32.0,123.0,1
32.0,222.0,1
32.0,328.0,1
33.0,34.0,1
33.0,39.0,1
33.0,80.0,4
33.0,122.0,1
33.0,123.0,1
33.0,157.0,3
33.0,551.0,1
34.0,35.0,1
35.0,28.0,1
35.0,29.0,1
35.0,36.0,1
36.0,37.0,1
37.0,38.0,1
37.0,80.0,1
37.0,385.0,1
37.0,433.0,1
38.0,39.0,1
38.0,158.0,3
39.0,38.0,3
39.0,40.0,1
39.0,42.0,1
39.0,124.0,1
39.0,158.0,2
39.0,299.0,5
39.0,575.0,1
39.0,627.0,1
40.0,41.0,1
40.0,42.0,1
41.0,42.0,2
42.0,43.0,1
42.0,44.0,1
42.0,82.0,1
42.0,126.0,4
42.0,482.0,1
43.0,44.0,1
43.0,126.0,1
43.0,168.0,1
43.0,482.0,1
44.0,45.0,1
44.0,394.0,1
45.0,46.0,1
46.0,47.0,1
46.0,437.0,1
47.0,48.0,1
48.0,49.0,1
49.0,50.0,1
50.0,51.0,1
50.0,132.0,1
50.0,356.0,1
50.0,485.0,1
51.0,52.0,1
51.0,53.0,1
51.0,104.0,1
51.0,357.0,2
51.0,358.0,2
51.0,656.0,1
52.0,53.0,2
52.0,54.0,1
53.0,54.0,3
53.0,309.0,1
54.0,20.0,2
54.0,21.0,3
54.0,55.0,1
54.0,64.0,1
54.0,209.0,5
54.0,457.0,3
54.0,657.0,1
54.0,689.0,1
55.0,56.0,2
56.0,57.0,2
57.0,58.0,2
58.0,59.0,1
58.0,60.0,1
58.0,429.0,1
58.0,565.0,1
58.0,604.0,1
58.0,727.0,1
59.0,60.0,1
59.0,61.0,1
59.0,708.0,1
60.0,59.0,1
60.0,61.0,1
60.0,205.0,1
60.0,363.0,1
61.0,62.0,1
61.0,792.0,1
62.0,63.0,1
63.0,64.0,1
64.0,20.0,1
64.0,54.0,3
64.0,147.0,2
64.0,209.0,1
64.0,221.0,3
64.0,431.0,2
65.0,66.0,1
65.0,536.0,1
66.0,67.0,1
67.0,68.0,1
68.0,69.0,1
69.0,70.0,1
69.0,381.0,1
70.0,71.0,1
71.0,72.0,1
71.0,190.0,1
71.0,347.0,2
71.0,406.0,1
72.0,28.0,1
72.0,189.0,1
72.0,346.0,1
73.0,22.0,25
73.0,74.0,2
73.0,77.0,6
74.0,31.0,1
74.0,75.0,12
74.0,76.0,4
74.0,77.0,2
74.0,211.0,1
74.0,215.0,3
74.0,409.0,1
75.0,24.0,1
75.0,26.0,1
75.0,27.0,1
75.0,76.0,10
75.0,77.0,5
75.0,148.0,4
75.0,155.0,1
75.0,210.0,1
75.0,211.0,1
75.0,216.0,1
75.0,297.0,1
75.0,384.0,1
76.0,25.0,2
76.0,26.0,1
76.0,27.0,2
76.0,30.0,1
76.0,31.0,1
76.0,75.0,4
76.0,155.0,3
76.0,211.0,1
76.0,212.0,1
76.0,297.0,1
76.0,406.0,1
76.0,696.0,1
77.0,22.0,8
77.0,27.0,1
77.0,28.0,1
77.0,73.0,17
77.0,74.0,9
77.0,75.0,4
77.0,120.0,1
77.0,148.0,3
77.0,187.0,1
77.0,220.0,3
77.0,297.0,1
77.0,347.0,1
77.0,409.0,1
78.0,31.0,1
79.0,33.0,1
79.0,124.0,1
80.0,37.0,3
80.0,81.0,1
80.0,124.0,2
81.0,82.0,1
82.0,43.0,2
82.0,83.0,2
82.0,84.0,1
82.0,85.0,1
82.0,158.0,1
82.0,482.0,1
82.0,540.0,1
82.0,552.0,1
82.0,584.0,1
82.0,692.0,1
83.0,82.0,1
83.0,84.0,1
83.0,394.0,1
83.0,540.0,2
83.0,575.0,1
83.0,605.0,1
83.0,632.0,1
83.0,710.0,1
83.0,815.0,1
84.0,85.0,1
84.0,393.0,1
84.0,540.0,1
85.0,86.0,2
85.0,159.0,1
86.0,87.0,2
86.0,88.0,1
86.0,161.0,1
86.0,288.0,1
86.0,289.0,1
87.0,88.0,2
87.0,289.0,2
88.0,89.0,1
88.0,176.0,1
88.0,440.0,1
88.0,496.0,1
89.0,90.0,1
90.0,91.0,1
90.0,111.0,1
90.0,138.0,1
90.0,169.0,1
90.0,236.0,1
90.0,237.0,3
90.0,265.0,2
90.0,363.0,1
91.0,92.0,1
91.0,237.0,1
91.0,265.0,2
91.0,544.0,1
92.0,93.0,6
92.0,237.0,1
92.0,420.0,1
92.0,527.0,1
93.0,92.0,1
93.0,94.0,10
93.0,95.0,14
93.0,238.0,1
93.0,241.0,1
93.0,365.0,2
93.0,518.0,1
93.0,686.0,2
94.0,93.0,1
94.0,95.0,1
94.0,240.0,1
94.0,241.0,1
94.0,364.0,3
94.0,365.0,1
94.0,420.0,4
94.0,421.0,1
94.0,461.0,1
94.0,518.0,1
94.0,529.0,1
95.0,93.0,1
95.0,94.0,1
95.0,96.0,14
95.0,241.0,21
95.0,242.0,2
95.0,273.0,1
95.0,303.0,2
95.0,340.0,2
95.0,367.0,3
96.0,97.0,2
96.0,98.0,1
96.0,241.0,2
96.0,266.0,2
96.0,274.0,1
96.0,301.0,2
96.0,303.0,5
96.0,304.0,1
96.0,315.0,1
96.0,507.0,2
96.0,788.0,1
97.0,98.0,1
97.0,301.0,5
97.0,367.0,4
97.0,424.0,1
97.0,561.0,1
97.0,566.0,1
97.0,774.0,1
98.0,99.0,2
98.0,100.0,3
98.0,243.0,1
98.0,246.0,1
98.0,248.0,1
98.0,305.0,1
98.0,422.0,1
98.0,423.0,1
99.0,100.0,3
99.0,101.0,1
100.0,101.0,3
100.0,244.0,1
100.0,248.0,1
100.0,268.0,1
100.0,275.0,1
100.0,302.0,1
100.0,318.0,1
100.0,508.0,1
101.0,102.0,1
101.0,268.0,6
101.0,302.0,2
102.0,2.0,1
102.0,306.0,1
102.0,671.0,1
103.0,104.0,2
104.0,55.0,1
104.0,105.0,1
104.0,106.0,1
104.0,107.0,1
104.0,119.0,1
104.0,258.0,3
104.0,509.0,2
104.0,688.0,2
104.0,795.0,1
105.0,106.0,1
105.0,427.0,2
106.0,107.0,1
106.0,108.0,1
106.0,511.0,1
107.0,106.0,1
107.0,108.0,1
107.0,119.0,1
107.0,144.0,7
107.0,631.0,1
107.0,795.0,1
107.0,817.0,1
108.0,107.0,1
108.0,109.0,1
108.0,811.0,1
109.0,58.0,1
109.0,110.0,1
109.0,198.0,1
109.0,767.0,1
110.0,109.0,1
110.0,111.0,1
110.0,363.0,2
110.0,468.0,1
110.0,560.0,1
110.0,599.0,1
110.0,728.0,1
111.0,112.0,2
111.0,265.0,3
111.0,504.0,2
112.0,113.0,1
112.0,265.0,1
112.0,282.0,1
112.0,460.0,2
112.0,494.0,1
113.0,114.0,1
114.0,115.0,1
114.0,286.0,1
114.0,600.0,1
115.0,116.0,1
115.0,719.0,1
116.0,115.0,1
116.0,117.0,1
116.0,455.0,1
116.0,602.0,1
117.0,118.0,1
117.0,564.0,1
118.0,119.0,2
119.0,19.0,3
119.0,20.0,1
119.0,54.0,4
119.0,371.0,1
119.0,477.0,1
119.0,772.0,1
120.0,22.0,4
120.0,23.0,2
120.0,73.0,1
120.0,74.0,4
120.0,75.0,4
120.0,77.0,16
120.0,148.0,1
120.0,220.0,1
121.0,30.0,1
121.0,122.0,1
121.0,539.0,1
122.0,35.0,1
122.0,123.0,1
122.0,539.0,1
123.0,33.0,6
123.0,157.0,1
123.0,213.0,1
123.0,218.0,1
123.0,389.0,1
123.0,435.0,2
123.0,479.0,1
123.0,575.0,1
124.0,125.0,2
124.0,158.0,1
124.0,410.0,1
125.0,41.0,1
125.0,42.0,1
125.0,126.0,2
126.0,42.0,1
126.0,127.0,5
126.0,128.0,1
126.0,223.0,1
126.0,236.0,3
126.0,237.0,1
126.0,329.0,1
127.0,128.0,1
127.0,349.0,1
127.0,482.0,3
127.0,595.0,1
128.0,129.0,1
128.0,436.0,1
129.0,130.0,1
130.0,131.0,1
131.0,50.0,1
131.0,132.0,2
131.0,255.0,1
131.0,257.0,1
131.0,467.0,1
131.0,630.0,1
131.0,778.0,1
131.0,805.0,1
132.0,133.0,1
132.0,134.0,2
132.0,135.0,1
133.0,132.0,1
134.0,135.0,1
134.0,558.0,1
134.0,797.0,1
135.0,136.0,1
135.0,779.0,1
136.0,137.0,3
137.0,90.0,1
137.0,110.0,1
137.0,138.0,2
137.0,169.0,1
137.0,200.0,1
137.0,361.0,1
137.0,364.0,1
137.0,554.0,1
137.0,653.0,1
138.0,91.0,2
138.0,93.0,2
138.0,139.0,1
138.0,237.0,1
138.0,265.0,1
138.0,364.0,2
138.0,544.0,3
138.0,591.0,5
139.0,140.0,1
139.0,495.0,2
139.0,545.0,1
139.0,591.0,1
140.0,141.0,1
141.0,110.0,1
141.0,142.0,2
141.0,256.0,2
141.0,448.0,1
141.0,485.0,1
141.0,706.0,1
141.0,729.0,1
142.0,117.0,1
142.0,131.0,1
142.0,143.0,2
142.0,342.0,1
142.0,445.0,2
142.0,563.0,1
142.0,704.0,1
142.0,776.0,2
143.0,107.0,4
143.0,176.0,1
143.0,257.0,1
143.0,765.0,2
144.0,119.0,1
144.0,145.0,1
144.0,146.0,1
144.0,147.0,1
144.0,177.0,2
144.0,647.0,1
144.0,734.0,2
144.0,766.0,1
145.0,144.0,1
145.0,725.0,1
146.0,147.0,1
147.0,64.0,4
147.0,178.0,1
147.0,179.0,3
147.0,180.0,1
147.0,186.0,1
147.0,187.0,5
147.0,204.0,1
147.0,209.0,1
147.0,292.0,1
147.0,293.0,1
147.0,294.0,2
147.0,374.0,1
147.0,397.0,1
147.0,457.0,1
148.0,27.0,2
148.0,30.0,1
148.0,76.0,1
148.0,77.0,4
149.0,150.0,2
149.0,153.0,1
149.0,185.0,2
149.0,189.0,4
149.0,406.0,1
149.0,407.0,3
149.0,550.0,1
149.0,589.0,1
149.0,699.0,1
149.0,752.0,1
150.0,151.0,1
150.0,407.0,1
151.0,39.0,2
151.0,152.0,1
151.0,575.0,3
151.0,610.0,1
151.0,613.0,2
151.0,813.0,1
152.0,153.0,1
152.0,154.0,1
152.0,378.0,1
153.0,154.0,2
153.0,185.0,1
153.0,187.0,11
153.0,220.0,1
153.0,221.0,3
153.0,346.0,1
153.0,577.0,1
154.0,73.0,3
154.0,220.0,4
154.0,391.0,2
154.0,409.0,2
154.0,640.0,2
155.0,31.0,1
155.0,76.0,1
155.0,156.0,2
156.0,26.0,1
156.0,33.0,1
156.0,39.0,1
156.0,123.0,4
156.0,218.0,1
156.0,298.0,1
156.0,434.0,1
157.0,39.0,1
157.0,151.0,2
157.0,158.0,3
157.0,594.0,1
158.0,42.0,2
158.0,82.0,7
158.0,83.0,1
158.0,126.0,3
158.0,223.0,1
158.0,264.0,1
158.0,481.0,1
158.0,494.0,1
158.0,698.0,1
159.0,160.0,2
160.0,161.0,1
160.0,221.0,1
160.0,396.0,1
160.0,684.0,1
161.0,153.0,1
161.0,162.0,2
161.0,187.0,1
161.0,197.0,1
161.0,395.0,2
161.0,412.0,2
161.0,455.0,2
161.0,611.0,1
162.0,161.0,1
162.0,163.0,1
162.0,166.0,1
162.0,198.0,1
162.0,617.0,1
163.0,164.0,1
163.0,204.0,1
163.0,414.0,1
163.0,459.0,1
164.0,165.0,1
165.0,153.0,1
165.0,161.0,2
165.0,635.0,1
166.0,161.0,1
166.0,165.0,2
166.0,167.0,1
166.0,185.0,1
166.0,381.0,3
166.0,382.0,1
166.0,693.0,1
167.0,168.0,1
168.0,169.0,1
168.0,419.0,1
168.0,540.0,1
169.0,138.0,6
169.0,139.0,1
169.0,170.0,1
169.0,192.0,1
169.0,442.0,1
169.0,482.0,1
169.0,586.0,1
169.0,787.0,1
170.0,171.0,1
170.0,174.0,1
170.0,286.0,1
171.0,136.0,1
171.0,172.0,1
172.0,173.0,1
172.0,175.0,1
173.0,174.0,1
174.0,175.0,2
174.0,177.0,1
174.0,629.0,1
175.0,87.0,1
175.0,174.0,1
175.0,176.0,1
175.0,177.0,1
175.0,455.0,2
175.0,546.0,1
175.0,629.0,1
175.0,631.0,2
176.0,177.0,2
176.0,257.0,1
176.0,289.0,1
176.0,724.0,1
177.0,147.0,1
177.0,178.0,6
177.0,289.0,1
177.0,542.0,2
177.0,581.0,1
177.0,587.0,1
177.0,611.0,1
177.0,631.0,1
178.0,64.0,1
178.0,147.0,4
178.0,187.0,2
178.0,203.0,1
178.0,221.0,1
178.0,397.0,1
178.0,547.0,1
178.0,608.0,1
179.0,147.0,1
179.0,180.0,2
179.0,294.0,1
180.0,153.0,1
180.0,181.0,1
180.0,208.0,1
180.0,262.0,1
180.0,374.0,2
180.0,375.0,3
180.0,429.0,1
181.0,182.0,1
181.0,191.0,2
181.0,195.0,1
181.0,206.0,1
182.0,183.0,1
182.0,191.0,1
182.0,200.0,1
183.0,184.0,1
184.0,185.0,1
185.0,149.0,1
185.0,153.0,8
185.0,186.0,2
185.0,187.0,1
185.0,189.0,1
185.0,220.0,1
185.0,609.0,1
186.0,185.0,1
186.0,187.0,6
186.0,189.0,3
186.0,346.0,1
186.0,577.0,1
186.0,590.0,1
186.0,638.0,1
187.0,147.0,5
187.0,149.0,2
187.0,186.0,4
187.0,188.0,3
187.0,189.0,3
187.0,203.0,1
187.0,209.0,1
187.0,220.0,1
187.0,221.0,5
187.0,292.0,3
187.0,293.0,1
187.0,295.0,3
187.0,346.0,4
187.0,491.0,1
187.0,526.0,1
187.0,577.0,9
188.0,163.0,1
188.0,166.0,1
188.0,186.0,1
188.0,189.0,1
188.0,488.0,1
188.0,577.0,4
189.0,149.0,5
189.0,153.0,2
189.0,166.0,1
189.0,185.0,5
189.0,186.0,1
189.0,190.0,1
189.0,381.0,1
189.0,590.0,1
189.0,639.0,1
190.0,71.0,1
190.0,191.0,1
190.0,380.0,2
190.0,407.0,3
190.0,490.0,1
190.0,590.0,1
191.0,192.0,4
191.0,193.0,1
191.0,376.0,1
191.0,418.0,4
191.0,490.0,1
191.0,609.0,1
192.0,90.0,2
192.0,193.0,1
192.0,194.0,1
192.0,201.0,3
192.0,419.0,2
192.0,482.0,1
192.0,565.0,1
192.0,576.0,1
192.0,580.0,1
192.0,605.0,1
193.0,84.0,1
193.0,90.0,1
193.0,192.0,3
193.0,264.0,1
193.0,299.0,1
193.0,565.0,1
194.0,195.0,2
194.0,753.0,1
195.0,161.0,1
195.0,180.0,1
195.0,196.0,1
195.0,206.0,1
195.0,415.0,1
196.0,161.0,1
196.0,455.0,1
197.0,162.0,1
197.0,166.0,1
198.0,199.0,1
198.0,201.0,1
198.0,205.0,1
198.0,288.0,1
198.0,455.0,2
198.0,629.0,2
198.0,767.0,1
199.0,198.0,1
199.0,200.0,1
200.0,90.0,2
200.0,192.0,1
200.0,193.0,1
200.0,198.0,1
200.0,199.0,1
200.0,205.0,1
200.0,361.0,1
201.0,170.0,1
201.0,202.0,2
201.0,416.0,1
201.0,419.0,1
201.0,652.0,1
202.0,174.0,1
202.0,286.0,1
202.0,455.0,2
203.0,147.0,1
203.0,204.0,1
203.0,582.0,1
204.0,181.0,1
204.0,205.0,1
204.0,392.0,1
204.0,398.0,1
204.0,489.0,1
204.0,604.0,1
204.0,720.0,1
205.0,166.0,1
205.0,181.0,1
205.0,198.0,1
205.0,200.0,3
205.0,202.0,1
206.0,207.0,2
206.0,208.0,1
207.0,208.0,2
208.0,64.0,1
208.0,147.0,3
208.0,153.0,1
208.0,180.0,1
208.0,187.0,1
209.0,21.0,5
209.0,22.0,1
209.0,54.0,2
209.0,292.0,11
209.0,383.0,1
209.0,413.0,1
209.0,457.0,1
209.0,486.0,2
209.0,650.0,1
210.0,28.0,3
210.0,77.0,3
211.0,31.0,2
211.0,432.0,1
212.0,26.0,2
212.0,478.0,1
213.0,154.0,1
214.0,74.0,1
215.0,189.0,1
215.0,216.0,1
215.0,297.0,1
215.0,406.0,1
215.0,409.0,1
216.0,217.0,2
216.0,298.0,1
217.0,156.0,1
217.0,480.0,1
218.0,35.0,1
218.0,219.0,1
218.0,410.0,1
218.0,613.0,1
219.0,154.0,1
219.0,390.0,1
220.0,73.0,2
220.0,77.0,3
220.0,154.0,2
220.0,185.0,1
220.0,186.0,1
220.0,188.0,1
220.0,215.0,1
220.0,221.0,1
220.0,383.0,1
220.0,409.0,1
220.0,550.0,3
220.0,614.0,3
220.0,641.0,2
221.0,187.0,3
221.0,209.0,10
221.0,220.0,1
221.0,292.0,1
221.0,295.0,1
221.0,391.0,1
221.0,397.0,1
222.0,125.0,1
222.0,158.0,1
223.0,126.0,1
223.0,224.0,1
224.0,225.0,1
225.0,226.0,1
226.0,227.0,1
227.0,228.0,1
228.0,229.0,1
229.0,230.0,1
229.0,383.0,1
230.0,231.0,1
231.0,232.0,1
232.0,233.0,1
233.0,234.0,1
234.0,235.0,1
235.0,90.0,1
235.0,126.0,1
236.0,112.0,1
236.0,237.0,5
236.0,265.0,3
236.0,300.0,1
236.0,482.0,3
236.0,802.0,1
237.0,92.0,3
237.0,93.0,2
237.0,138.0,1
237.0,265.0,1
237.0,349.0,4
237.0,365.0,1
237.0,421.0,1
237.0,544.0,1
237.0,651.0,1
238.0,239.0,1
239.0,240.0,1
239.0,642.0,1
240.0,94.0,1
240.0,241.0,1
240.0,420.0,2
240.0,621.0,1
240.0,763.0,1
241.0,95.0,4
241.0,96.0,4
241.0,97.0,4
241.0,273.0,1
241.0,301.0,1
241.0,303.0,3
241.0,304.0,1
241.0,367.0,5
241.0,420.0,1
241.0,450.0,1
241.0,749.0,1
241.0,788.0,1
242.0,95.0,20
242.0,96.0,1
242.0,243.0,1
242.0,273.0,2
242.0,367.0,6
243.0,244.0,1
243.0,249.0,2
243.0,306.0,1
243.0,367.0,1
243.0,368.0,1
243.0,471.0,1
244.0,101.0,3
244.0,245.0,2
244.0,302.0,2
244.0,307.0,1
244.0,369.0,1
245.0,2.0,1
245.0,246.0,1
245.0,275.0,1
246.0,247.0,1
246.0,275.0,1
246.0,426.0,1
246.0,784.0,1
247.0,248.0,1
248.0,100.0,1
248.0,243.0,1
248.0,273.0,1
248.0,306.0,2
248.0,423.0,1
249.0,97.0,1
249.0,242.0,2
249.0,250.0,1
249.0,272.0,1
249.0,367.0,1
249.0,399.0,5
250.0,251.0,1
251.0,252.0,1
252.0,253.0,1
253.0,254.0,1
254.0,255.0,1
255.0,141.0,1
255.0,467.0,1
256.0,143.0,1
256.0,445.0,1
256.0,448.0,2
256.0,738.0,1
257.0,51.0,1
257.0,52.0,1
257.0,134.0,1
257.0,176.0,1
257.0,258.0,1
257.0,631.0,1
258.0,105.0,1
258.0,119.0,3
258.0,344.0,1
258.0,533.0,1
259.0,260.0,1
259.0,346.0,2
260.0,261.0,1
261.0,262.0,1
262.0,263.0,3
263.0,264.0,1
263.0,314.0,1
263.0,376.0,1
263.0,377.0,1
263.0,418.0,2
263.0,524.0,2
264.0,236.0,2
264.0,265.0,1
264.0,584.0,1
264.0,585.0,1
264.0,659.0,1
265.0,93.0,14
265.0,236.0,1
265.0,237.0,1
265.0,349.0,1
265.0,460.0,1
265.0,504.0,1
265.0,636.0,1
265.0,686.0,1
266.0,98.0,1
266.0,267.0,1
266.0,422.0,1
267.0,99.0,1
267.0,100.0,1
268.0,1.0,2
268.0,2.0,1
268.0,102.0,1
268.0,316.0,1
268.0,669.0,1
268.0,671.0,1
269.0,270.0,1
270.0,271.0,1
271.0,242.0,1
271.0,272.0,1
272.0,242.0,5
273.0,96.0,1
273.0,97.0,2
273.0,248.0,1
273.0,249.0,1
273.0,301.0,1
273.0,425.0,1
273.0,470.0,1
274.0,275.0,1
274.0,444.0,1
275.0,2.0,2
275.0,276.0,3
275.0,342.0,1
275.0,426.0,1
276.0,16.0,2
276.0,103.0,1
276.0,104.0,1
276.0,277.0,3
276.0,472.0,1
277.0,16.0,2
277.0,278.0,1
278.0,279.0,1
279.0,280.0,1
279.0,474.0,1
280.0,281.0,1
281.0,111.0,1
282.0,283.0,2
283.0,194.0,1
283.0,284.0,1
283.0,660.0,1
284.0,285.0,1
285.0,286.0,1
286.0,86.0,1
286.0,175.0,3
286.0,287.0,1
286.0,455.0,1
287.0,288.0,1
288.0,87.0,1
288.0,171.0,1
288.0,496.0,1
289.0,88.0,1
289.0,177.0,1
289.0,290.0,1
289.0,581.0,2
290.0,291.0,1
291.0,209.0,1
291.0,612.0,1
291.0,663.0,1
292.0,21.0,2
292.0,186.0,1
292.0,187.0,8
292.0,188.0,2
292.0,209.0,2
292.0,577.0,3
292.0,657.0,1
292.0,761.0,1
293.0,294.0,3
293.0,375.0,1
294.0,180.0,1
294.0,185.0,1
294.0,375.0,2
294.0,573.0,1
294.0,658.0,1
294.0,786.0,1
295.0,21.0,4
295.0,22.0,1
295.0,77.0,2
295.0,346.0,1
296.0,26.0,1
297.0,75.0,1
297.0,156.0,1
297.0,298.0,1
297.0,407.0,1
298.0,156.0,2
298.0,218.0,1
298.0,408.0,1
299.0,83.0,2
299.0,126.0,1
299.0,158.0,6
299.0,236.0,1
299.0,576.0,1
299.0,627.0,1
300.0,92.0,1
301.0,97.0,1
301.0,98.0,1
301.0,100.0,1
301.0,248.0,1
301.0,305.0,1
301.0,367.0,1
301.0,423.0,5
301.0,566.0,1
302.0,249.0,1
302.0,306.0,3
302.0,506.0,2
303.0,98.0,4
303.0,266.0,1
303.0,301.0,1
303.0,304.0,2
303.0,425.0,1
303.0,654.0,1
304.0,98.0,2
304.0,305.0,1
304.0,422.0,1
305.0,243.0,1
305.0,471.0,1
305.0,667.0,1
306.0,102.0,1
306.0,244.0,1
306.0,249.0,2
306.0,499.0,1
306.0,500.0,1
306.0,506.0,1
307.0,245.0,1
307.0,500.0,2
308.0,309.0,1
309.0,310.0,2
309.0,372.0,1
310.0,311.0,1
310.0,520.0,1
311.0,312.0,1
312.0,313.0,1
313.0,193.0,1
313.0,263.0,4
313.0,418.0,1
314.0,264.0,1
315.0,99.0,1
316.0,317.0,1
316.0,670.0,1
317.0,272.0,1
318.0,2.0,1
319.0,320.0,1
320.0,321.0,1
321.0,322.0,1
322.0,323.0,1
323.0,18.0,1
324.0,23.0,1
324.0,325.0,2
324.0,348.0,1
325.0,326.0,1
325.0,679.0,1
326.0,23.0,1
327.0,31.0,2
327.0,32.0,1
327.0,79.0,1
328.0,222.0,1
329.0,330.0,1
330.0,331.0,1
331.0,332.0,1
332.0,333.0,1
333.0,334.0,1
334.0,335.0,1
335.0,336.0,1
336.0,337.0,1
337.0,338.0,1
338.0,339.0,1
339.0,93.0,1
339.0,367.0,1
339.0,420.0,2
339.0,468.0,1
340.0,267.0,1
340.0,341.0,1
341.0,342.0,1
342.0,2.0,1
342.0,104.0,1
342.0,343.0,1
342.0,446.0,1
342.0,519.0,1
342.0,532.0,1
343.0,51.0,1
343.0,104.0,1
344.0,345.0,1
345.0,20.0,1
346.0,22.0,1
346.0,72.0,1
346.0,73.0,2
346.0,74.0,1
346.0,77.0,1
346.0,153.0,1
346.0,186.0,1
346.0,188.0,1
346.0,295.0,3
346.0,347.0,2
346.0,405.0,2
346.0,526.0,1
346.0,577.0,1
346.0,638.0,1
347.0,75.0,1
347.0,346.0,1
347.0,404.0,1
347.0,538.0,1
347.0,577.0,1
347.0,638.0,2
348.0,24.0,1
348.0,76.0,1
348.0,327.0,1
348.0,384.0,1
349.0,91.0,1
349.0,138.0,3
349.0,237.0,1
349.0,350.0,1
349.0,365.0,2
349.0,527.0,1
349.0,703.0,1
350.0,351.0,1
351.0,352.0,1
351.0,464.0,1
351.0,495.0,2
351.0,799.0,1
352.0,353.0,2
352.0,592.0,1
352.0,723.0,1
353.0,354.0,1
353.0,465.0,1
353.0,466.0,1
353.0,591.0,1
354.0,355.0,1
355.0,356.0,1
356.0,51.0,2
357.0,51.0,1
357.0,53.0,1
358.0,359.0,1
358.0,587.0,1
359.0,360.0,1
360.0,137.0,1
361.0,205.0,1
361.0,362.0,1
362.0,198.0,1
363.0,60.0,1
363.0,110.0,2
363.0,169.0,1
363.0,364.0,4
363.0,504.0,1
363.0,661.0,1
364.0,265.0,2
364.0,365.0,2
364.0,420.0,6
364.0,450.0,2
364.0,461.0,3
364.0,462.0,2
364.0,463.0,6
364.0,468.0,2
364.0,504.0,4
364.0,606.0,1
364.0,621.0,1
364.0,732.0,1
365.0,93.0,1
365.0,94.0,2
365.0,366.0,1
365.0,463.0,3
365.0,620.0,1
366.0,95.0,3
366.0,715.0,1
367.0,95.0,1
367.0,97.0,2
367.0,241.0,1
367.0,242.0,12
367.0,243.0,1
367.0,273.0,3
367.0,301.0,2
367.0,339.0,1
367.0,399.0,1
367.0,450.0,3
367.0,468.0,1
367.0,470.0,1
367.0,471.0,1
367.0,561.0,1
367.0,623.0,1
367.0,749.0,1
368.0,369.0,1
368.0,484.0,1
368.0,531.0,1
369.0,370.0,1
369.0,532.0,1
370.0,275.0,1
371.0,119.0,1
371.0,309.0,1
371.0,400.0,1
371.0,772.0,1
372.0,373.0,1
373.0,147.0,1
374.0,153.0,1
374.0,180.0,1
374.0,187.0,1
374.0,208.0,1
375.0,180.0,2
375.0,185.0,1
375.0,313.0,1
375.0,491.0,1
375.0,492.0,1
375.0,575.0,1
375.0,695.0,1
375.0,721.0,1
376.0,263.0,1
376.0,659.0,1
377.0,152.0,1
378.0,379.0,1
379.0,190.0,1
380.0,381.0,3
381.0,39.0,4
381.0,191.0,1
381.0,192.0,1
381.0,299.0,1
381.0,382.0,1
381.0,392.0,1
381.0,418.0,1
381.0,575.0,3
382.0,166.0,2
382.0,634.0,1
383.0,22.0,1
383.0,209.0,1
383.0,641.0,1
384.0,156.0,1
384.0,327.0,1
384.0,388.0,1
385.0,386.0,1
386.0,73.0,1
387.0,384.0,1
388.0,156.0,1
389.0,219.0,1
390.0,154.0,1
391.0,22.0,1
391.0,220.0,2
392.0,90.0,1
392.0,193.0,1
393.0,394.0,3
393.0,418.0,1
393.0,615.0,1
394.0,153.0,1
394.0,160.0,1
394.0,161.0,3
394.0,196.0,1
394.0,395.0,1
394.0,616.0,2
394.0,628.0,1
395.0,153.0,1
395.0,187.0,1
395.0,396.0,1
395.0,581.0,1
396.0,221.0,2
397.0,204.0,1
397.0,608.0,4
398.0,111.0,1
399.0,242.0,2
399.0,249.0,1
399.0,339.0,1
399.0,367.0,2
400.0,401.0,1
401.0,402.0,1
402.0,293.0,1
402.0,346.0,1
402.0,403.0,1
403.0,71.0,1
404.0,72.0,1
404.0,189.0,1
404.0,210.0,1
405.0,71.0,1
405.0,346.0,1
406.0,381.0,1
406.0,407.0,6
406.0,575.0,1
407.0,39.0,3
407.0,151.0,7
407.0,157.0,2
407.0,299.0,1
407.0,381.0,2
407.0,406.0,1
407.0,408.0,1
407.0,575.0,1
407.0,589.0,1
407.0,609.0,1
408.0,154.0,2
408.0,298.0,1
408.0,409.0,3
408.0,590.0,1
408.0,639.0,2
409.0,154.0,1
409.0,190.0,1
409.0,406.0,1
409.0,408.0,5
409.0,550.0,1
409.0,574.0,1
410.0,411.0,2
411.0,393.0,1
411.0,575.0,1
412.0,209.0,1
412.0,221.0,2
413.0,163.0,1
413.0,414.0,1
413.0,496.0,1
414.0,163.0,1
414.0,382.0,1
415.0,416.0,1
416.0,198.0,1
416.0,417.0,1
416.0,455.0,1
417.0,181.0,1
418.0,192.0,2
418.0,193.0,2
418.0,194.0,1
418.0,264.0,1
418.0,419.0,1
418.0,575.0,2
418.0,700.0,1
419.0,111.0,1
419.0,137.0,1
419.0,169.0,1
419.0,236.0,1
419.0,540.0,1
419.0,762.0,1
420.0,94.0,2
420.0,240.0,1
420.0,242.0,1
420.0,339.0,1
420.0,367.0,3
420.0,421.0,3
420.0,463.0,3
420.0,529.0,1
420.0,530.0,1
420.0,597.0,1
421.0,93.0,3
421.0,95.0,2
421.0,420.0,1
421.0,461.0,1
422.0,423.0,3
423.0,100.0,1
423.0,101.0,2
423.0,244.0,5
423.0,248.0,1
423.0,342.0,1
423.0,444.0,1
423.0,667.0,1
424.0,97.0,1
425.0,246.0,1
425.0,444.0,1
425.0,756.0,1
426.0,104.0,1
426.0,445.0,1
427.0,428.0,1
427.0,790.0,1
428.0,58.0,1
429.0,191.0,1
429.0,430.0,1
430.0,64.0,1
431.0,21.0,1
431.0,402.0,2
432.0,32.0,1
432.0,33.0,1
433.0,434.0,1
434.0,123.0,2
435.0,40.0,1
435.0,218.0,1
436.0,46.0,1
437.0,438.0,1
438.0,439.0,1
439.0,440.0,1
440.0,137.0,1
440.0,441.0,1
441.0,442.0,1
442.0,92.0,1
442.0,443.0,1
443.0,92.0,1
443.0,93.0,1
444.0,246.0,1
444.0,307.0,1
444.0,498.0,1
444.0,500.0,1
444.0,757.0,1
445.0,50.0,1
445.0,107.0,1
445.0,143.0,2
445.0,256.0,2
445.0,446.0,2
446.0,256.0,1
446.0,447.0,1
446.0,467.0,1
446.0,501.0,1
446.0,568.0,1
447.0,448.0,1
448.0,141.0,1
448.0,449.0,1
448.0,728.0,1
448.0,738.0,1
448.0,782.0,1
449.0,10.0,1
449.0,367.0,1
449.0,450.0,4
449.0,505.0,1
449.0,562.0,1
450.0,242.0,3
450.0,364.0,1
450.0,367.0,4
450.0,451.0,1
450.0,466.0,1
450.0,505.0,2
450.0,561.0,1
450.0,562.0,2
450.0,623.0,1
450.0,736.0,2
451.0,452.0,1
452.0,453.0,1
452.0,625.0,1
453.0,141.0,1
453.0,454.0,1
454.0,363.0,1
454.0,733.0,1
455.0,64.0,2
455.0,177.0,3
455.0,178.0,2
455.0,397.0,1
455.0,456.0,1
455.0,543.0,1
455.0,581.0,1
455.0,601.0,1
455.0,629.0,2
455.0,793.0,1
456.0,64.0,1
457.0,147.0,3
457.0,179.0,1
457.0,292.0,1
457.0,294.0,1
457.0,458.0,1
457.0,673.0,1
458.0,459.0,1
459.0,200.0,1
459.0,380.0,1
460.0,170.0,1
460.0,363.0,2
460.0,366.0,1
461.0,364.0,2
461.0,462.0,1
461.0,463.0,2
461.0,621.0,1
462.0,364.0,1
462.0,463.0,1
462.0,621.0,1
463.0,141.0,1
463.0,364.0,2
463.0,464.0,3
463.0,466.0,2
463.0,467.0,1
463.0,483.0,1
463.0,561.0,1
463.0,591.0,1
463.0,621.0,5
463.0,687.0,1
463.0,737.0,1
464.0,97.0,1
464.0,142.0,2
464.0,364.0,1
464.0,465.0,1
464.0,466.0,1
464.0,469.0,1
464.0,484.0,1
465.0,466.0,1
465.0,468.0,3
465.0,731.0,1
465.0,754.0,1
466.0,141.0,1
466.0,142.0,1
466.0,339.0,1
466.0,450.0,1
466.0,465.0,1
466.0,467.0,1
466.0,468.0,1
466.0,469.0,2
466.0,738.0,2
466.0,758.0,1
466.0,759.0,1
467.0,141.0,1
467.0,352.0,1
467.0,465.0,3
467.0,466.0,3
467.0,469.0,1
467.0,764.0,1
468.0,364.0,11
468.0,449.0,1
468.0,450.0,1
468.0,504.0,1
468.0,723.0,1
468.0,738.0,1
468.0,754.0,1
469.0,142.0,1
469.0,467.0,2
469.0,484.0,4
470.0,367.0,1
470.0,757.0,1
471.0,244.0,1
471.0,249.0,2
471.0,668.0,1
471.0,741.0,1
471.0,789.0,1
472.0,473.0,1
473.0,279.0,1
474.0,475.0,1
475.0,476.0,1
476.0,258.0,1
476.0,571.0,1
477.0,19.0,1
477.0,672.0,1
478.0,123.0,2
479.0,408.0,1
480.0,299.0,1
481.0,127.0,1
482.0,138.0,1
482.0,139.0,1
482.0,169.0,5
482.0,236.0,1
482.0,237.0,1
482.0,349.0,3
483.0,484.0,1
484.0,131.0,1
484.0,142.0,1
484.0,143.0,1
484.0,445.0,3
484.0,466.0,2
484.0,467.0,1
484.0,469.0,1
484.0,471.0,1
484.0,531.0,3
485.0,51.0,1
485.0,176.0,1
486.0,292.0,1
486.0,487.0,1
486.0,577.0,1
487.0,486.0,1
487.0,488.0,1
488.0,69.0,1
488.0,489.0,1
488.0,773.0,1
489.0,191.0,1
489.0,618.0,1
490.0,191.0,2
490.0,313.0,2
490.0,491.0,1
491.0,180.0,1
491.0,182.0,1
491.0,190.0,1
492.0,59.0,1
492.0,493.0,1
493.0,112.0,1
493.0,676.0,1
494.0,112.0,1
494.0,236.0,2
495.0,131.0,1
495.0,175.0,1
495.0,352.0,1
495.0,353.0,2
495.0,630.0,1
496.0,497.0,1
496.0,664.0,1
496.0,803.0,1
497.0,136.0,1
497.0,137.0,1
498.0,499.0,1
499.0,307.0,1
499.0,449.0,1
499.0,755.0,1
499.0,794.0,1
500.0,15.0,1
500.0,499.0,1
500.0,501.0,2
500.0,519.0,1
500.0,570.0,1
500.0,784.0,1
501.0,502.0,1
501.0,569.0,1
501.0,622.0,1
501.0,743.0,1
501.0,768.0,1
502.0,503.0,1
503.0,449.0,1
503.0,450.0,1
504.0,138.0,1
504.0,265.0,5
504.0,364.0,3
504.0,505.0,1
505.0,95.0,2
505.0,242.0,2
505.0,366.0,1
505.0,450.0,1
506.0,249.0,1
506.0,272.0,1
506.0,739.0,2
507.0,98.0,1
507.0,508.0,1
508.0,275.0,1
508.0,302.0,1
509.0,105.0,1
509.0,510.0,1
510.0,511.0,1
511.0,110.0,1
511.0,512.0,1
512.0,513.0,1
513.0,514.0,1
514.0,505.0,1
514.0,515.0,1
514.0,748.0,1
515.0,516.0,1
516.0,517.0,1
517.0,460.0,1
518.0,239.0,1
518.0,240.0,1
519.0,51.0,1
519.0,104.0,2
520.0,521.0,1
521.0,522.0,1
522.0,523.0,1
523.0,524.0,1
524.0,185.0,1
524.0,189.0,1
524.0,525.0,1
525.0,208.0,1
526.0,21.0,2
526.0,77.0,1
526.0,120.0,1
526.0,187.0,1
526.0,188.0,1
526.0,292.0,1
526.0,346.0,3
526.0,347.0,1
527.0,92.0,1
527.0,528.0,1
528.0,443.0,1
529.0,240.0,2
530.0,368.0,1
531.0,445.0,1
531.0,484.0,1
531.0,532.0,1
531.0,808.0,1
532.0,3.0,2
532.0,343.0,1
532.0,519.0,1
532.0,568.0,1
533.0,534.0,1
534.0,535.0,2
535.0,19.0,1
535.0,572.0,1
536.0,537.0,1
536.0,796.0,1
537.0,538.0,1
538.0,71.0,1
538.0,593.0,1
539.0,28.0,2
539.0,30.0,1
540.0,85.0,1
540.0,162.0,1
540.0,169.0,1
540.0,394.0,2
540.0,541.0,1
540.0,633.0,1
540.0,683.0,1
541.0,86.0,1
541.0,553.0,1
542.0,177.0,2
542.0,543.0,1
542.0,608.0,1
543.0,181.0,1
543.0,603.0,1
543.0,629.0,1
544.0,139.0,1
544.0,545.0,2
544.0,591.0,1
544.0,816.0,1
545.0,175.0,1
545.0,286.0,1
545.0,555.0,1
545.0,637.0,1
546.0,547.0,1
547.0,54.0,1
547.0,178.0,1
547.0,548.0,1
548.0,54.0,2
548.0,209.0,1
549.0,73.0,1
550.0,186.0,1
550.0,215.0,1
550.0,220.0,3
551.0,125.0,1
552.0,541.0,1
553.0,86.0,1
554.0,91.0,1
555.0,556.0,1
556.0,557.0,1
557.0,257.0,1
558.0,559.0,1
559.0,560.0,1
560.0,110.0,1
560.0,421.0,1
561.0,274.0,1
561.0,425.0,1
561.0,450.0,3
561.0,464.0,1
561.0,775.0,1
562.0,449.0,1
562.0,466.0,1
562.0,561.0,1
562.0,758.0,1
563.0,564.0,2
564.0,104.0,3
564.0,257.0,1
564.0,688.0,1
564.0,780.0,1
565.0,90.0,1
565.0,236.0,1
565.0,494.0,1
566.0,423.0,1
566.0,471.0,1
567.0,500.0,2
567.0,532.0,1
568.0,446.0,1
568.0,655.0,1
569.0,570.0,1
570.0,476.0,1
570.0,711.0,1
571.0,534.0,1
572.0,431.0,1
573.0,346.0,1
574.0,407.0,1
575.0,39.0,2
575.0,82.0,1
575.0,83.0,5
575.0,166.0,1
575.0,192.0,1
575.0,264.0,1
575.0,299.0,3
575.0,393.0,1
575.0,418.0,1
575.0,576.0,2
576.0,393.0,2
576.0,394.0,2
577.0,149.0,6
577.0,166.0,1
577.0,186.0,1
577.0,189.0,1
577.0,190.0,4
577.0,406.0,2
577.0,488.0,1
577.0,578.0,1
577.0,583.0,2
577.0,619.0,1
577.0,696.0,1
577.0,701.0,1
577.0,752.0,1
578.0,579.0,1
579.0,407.0,1
580.0,195.0,1
580.0,202.0,1
581.0,187.0,3
581.0,203.0,1
581.0,395.0,1
581.0,720.0,1
582.0,147.0,1
583.0,490.0,2
584.0,585.0,1
584.0,605.0,1
585.0,169.0,1
585.0,540.0,1
586.0,172.0,1
587.0,588.0,1
587.0,645.0,1
588.0,205.0,1
588.0,542.0,1
589.0,149.0,1
589.0,575.0,1
590.0,149.0,1
590.0,407.0,2
590.0,760.0,1
591.0,138.0,2
591.0,351.0,3
591.0,495.0,1
591.0,592.0,1
591.0,722.0,1
591.0,806.0,1
592.0,131.0,1
592.0,352.0,1
592.0,484.0,1
593.0,407.0,1
594.0,158.0,1
595.0,596.0,1
596.0,169.0,1
597.0,598.0,1
598.0,368.0,1
599.0,114.0,1
599.0,137.0,1
600.0,601.0,1
601.0,602.0,1
601.0,603.0,1
602.0,144.0,1
602.0,455.0,1
603.0,109.0,1
603.0,707.0,1
604.0,192.0,1
604.0,504.0,1
605.0,90.0,1
605.0,201.0,1
605.0,363.0,1
606.0,607.0,1
607.0,175.0,1
608.0,177.0,1
608.0,182.0,1
608.0,204.0,2
608.0,543.0,1
608.0,588.0,1
608.0,735.0,1
609.0,191.0,1
609.0,375.0,2
610.0,82.0,1
611.0,291.0,2
611.0,397.0,1
612.0,413.0,1
613.0,152.0,1
613.0,189.0,1
613.0,801.0,1
614.0,77.0,1
614.0,220.0,2
615.0,616.0,1
616.0,162.0,1
616.0,197.0,1
616.0,649.0,1
617.0,198.0,1
618.0,206.0,1
619.0,313.0,1
620.0,461.0,1
620.0,621.0,1
621.0,142.0,1
621.0,364.0,1
621.0,464.0,1
621.0,466.0,1
621.0,467.0,2
621.0,469.0,1
621.0,484.0,2
621.0,637.0,1
622.0,503.0,1
623.0,463.0,1
623.0,624.0,1
624.0,452.0,1
625.0,626.0,1
625.0,770.0,1
626.0,107.0,1
627.0,43.0,1
627.0,168.0,1
627.0,235.0,1
628.0,161.0,1
629.0,177.0,1
629.0,416.0,1
629.0,455.0,1
629.0,497.0,1
629.0,542.0,1
629.0,599.0,1
629.0,653.0,1
630.0,141.0,1
630.0,175.0,1
631.0,52.0,1
631.0,547.0,1
631.0,548.0,2
631.0,611.0,1
632.0,540.0,1
633.0,86.0,1
634.0,635.0,1
635.0,187.0,1
635.0,720.0,1
636.0,545.0,1
637.0,131.0,1
637.0,464.0,1
638.0,346.0,2
638.0,404.0,1
638.0,800.0,1
639.0,154.0,1
639.0,220.0,3
640.0,154.0,1
640.0,409.0,1
641.0,166.0,1
641.0,188.0,1
641.0,577.0,1
642.0,563.0,1
642.0,643.0,1
643.0,644.0,1
644.0,342.0,2
645.0,646.0,1
646.0,108.0,1
647.0,648.0,1
648.0,54.0,1
649.0,412.0,1
650.0,204.0,1
651.0,201.0,1
652.0,286.0,1
653.0,137.0,1
653.0,363.0,1
654.0,644.0,1
655.0,656.0,1
656.0,257.0,1
656.0,663.0,1
657.0,293.0,1
657.0,777.0,1
658.0,490.0,1
659.0,282.0,1
659.0,283.0,1
660.0,112.0,1
661.0,662.0,1
662.0,114.0,1
663.0,413.0,1
663.0,751.0,1
664.0,665.0,1
665.0,205.0,1
666.0,123.0,1
667.0,423.0,1
667.0,668.0,1
668.0,243.0,1
668.0,471.0,1
669.0,316.0,1
670.0,271.0,1
671.0,2.0,1
671.0,276.0,1
672.0,457.0,1
673.0,674.0,1
674.0,675.0,1
675.0,493.0,1
676.0,677.0,1
677.0,678.0,1
678.0,295.0,1
679.0,680.0,1
680.0,681.0,1
681.0,682.0,1
682.0,193.0,1
683.0,160.0,1
684.0,685.0,1
685.0,229.0,1
686.0,463.0,1
686.0,464.0,1
686.0,620.0,1
687.0,131.0,1
688.0,104.0,1
688.0,119.0,2
689.0,487.0,1
690.0,24.0,1
691.0,76.0,1
692.0,394.0,1
693.0,694.0,1
694.0,627.0,1
695.0,375.0,1
696.0,407.0,1
696.0,697.0,1
697.0,157.0,1
698.0,159.0,1
699.0,575.0,1
700.0,195.0,1
701.0,702.0,1
702.0,381.0,1
702.0,575.0,1
703.0,349.0,1
704.0,705.0,1
705.0,446.0,1
706.0,116.0,1
707.0,492.0,1
708.0,709.0,1
709.0,208.0,1
710.0,236.0,1
711.0,712.0,1
712.0,713.0,1
713.0,714.0,1
714.0,514.0,2
715.0,13.0,1
716.0,717.0,1
717.0,718.0,1
718.0,116.0,1
719.0,144.0,1
720.0,165.0,1
720.0,187.0,1
720.0,581.0,1
721.0,191.0,1
722.0,723.0,1
723.0,468.0,2
723.0,798.0,1
724.0,145.0,1
725.0,726.0,1
726.0,58.0,1
727.0,363.0,1
728.0,110.0,1
728.0,454.0,1
728.0,729.0,1
729.0,728.0,1
729.0,730.0,1
729.0,731.0,1
730.0,731.0,1
731.0,141.0,1
731.0,733.0,1
731.0,759.0,1
732.0,729.0,1
733.0,107.0,1
733.0,116.0,1
734.0,178.0,2
735.0,200.0,1
736.0,463.0,1
736.0,561.0,1
737.0,484.0,1
738.0,468.0,5
738.0,764.0,1
739.0,249.0,1
739.0,740.0,1
740.0,243.0,1
741.0,275.0,1
742.0,501.0,1
743.0,744.0,1
744.0,14.0,1
745.0,746.0,1
746.0,747.0,1
747.0,714.0,1
748.0,366.0,1
749.0,142.0,1
749.0,750.0,1
750.0,142.0,1
751.0,209.0,1
752.0,262.0,1
752.0,814.0,1
753.0,455.0,1
754.0,463.0,1
754.0,468.0,1
755.0,272.0,1
756.0,757.0,1
757.0,444.0,1
757.0,484.0,1
757.0,758.0,1
757.0,764.0,1
757.0,785.0,1
758.0,449.0,1
758.0,562.0,1
758.0,764.0,1
759.0,107.0,2
760.0,313.0,1
761.0,577.0,1
762.0,482.0,1
763.0,469.0,1
764.0,449.0,1
764.0,450.0,1
764.0,757.0,2
765.0,453.0,1
765.0,807.0,1
766.0,109.0,1
767.0,111.0,2
768.0,8.0,1
769.0,625.0,1
770.0,771.0,1
771.0,118.0,1
772.0,457.0,2
773.0,381.0,1
774.0,484.0,1
775.0,142.0,1
776.0,564.0,2
777.0,608.0,1
778.0,50.0,1
779.0,421.0,1
780.0,781.0,1
781.0,448.0,1
782.0,783.0,1
783.0,505.0,1
784.0,499.0,1
784.0,506.0,1
785.0,143.0,1
786.0,191.0,1
787.0,139.0,1
788.0,561.0,1
788.0,642.0,1
789.0,444.0,1
790.0,791.0,1
791.0,58.0,1
792.0,60.0,1
793.0,198.0,1
794.0,500.0,1
795.0,371.0,1
795.0,804.0,1
796.0,120.0,1
797.0,738.0,1
798.0,351.0,1
799.0,131.0,1
799.0,495.0,1
800.0,404.0,1
801.0,639.0,1
802.0,580.0,1
803.0,137.0,1
804.0,371.0,1
805.0,799.0,1
806.0,592.0,1
807.0,107.0,1
808.0,809.0,1
809.0,810.0,1
810.0,143.0,1
811.0,812.0,1
812.0,374.0,1
813.0,408.0,1
814.0,702.0,1
815.0,419.0,1
816.0,131.0,1
